<?xml version="1.0" encoding="utf-8"?>
<resources>

  <!-- Application theme. -->
  <color name="bgColor">#00000000</color>
  
  <style name="ActionBarStyle" parent="@android:style/Widget.Holo.Light.ActionBar.Solid.Inverse">
    <item name="android:background">@color/bgColor</item>
    <item name="android:backgroundStacked">@color/bgColor</item>
    <item name="android:displayOptions"></item>
  </style>

  <style name="SplashTheme" parent="AppBaseTheme">
    <item name="android:windowBackground">@drawable/splash</item>
  </style>

  <style name="AppTheme" parent="AppBaseTheme">
    <item name="android:windowBackground">@null</item>
  </style>

  <style name="AppBaseTheme" parent="android:Theme.Holo.Light.DarkActionBar">
    <item name="android:windowActionBar">false</item>
    <item name="android:windowNoTitle">true</item>
    <item name="android:windowActionBarOverlay">true</item>
    <item name="android:actionMenuTextColor">#fff</item>
    <item name="android:windowContentOverlay">@null</item>
    <item name="android:actionBarStyle">@style/ActionBarStyle</item>
  </style>

</resources>